PBC001,1
PBC002,1
PBC003,1
PBC004,1
PBC005,1
PBC006,1
PBC007,1
PBC008,1
PBC009,1
PBC010,1
PBC011,2
PBC012,2
PBC013,2
PBC014,2
PBC015,2
PBC016,2
PBC017,2
PBC018,2
PBC019,2
PBC020,2
PBC021,2
PBC022,2
PBC023,2
PBC024,2
PBC025,2
PBC026,2
PBC027,2
PBC028,2
PBC029,2
PBC030,2
PBC031,2
PBC032,2
PBC033,2
PBC034,1
PBC035,1
PBC036,1
PBC037,1
PBC038,1
PBC039,1
PBC040,1
PBC041,1
PBC042,1
PBC043,1
PBC044,1
PBC045,1
PBC046,1
PBC047,1
PBC048,1
PBC049,1
PBC050,1
PBC051,1
PBC052,1
PBC053,1
PBC054,1
PBC055,1
PBC056,1
PBC057,1
PBC058,1
PBC059,1
PBC060,1
PBC061,1
PBC062,1
PBC063,1
PBC064,1
PBC065,1
PBC066,1
PBC067,1
PBC068,1
PBC069,1
PBC070,1
PBC071,1
PBC072,1
PBC073,1
PBC074,1
PBC075,1
PBC076,1
PBC077,1
PBC078,1
PBC079,1
PBC080,1
PBC081,1
PBC082,1
PBC083,1
PBC084,1
PBC085,1
PBC086,1
PBC087,1
PBC088,1
PBC089,1
PBC090,1
PBC091,1
PBC092,1
PBC093,1
PBC094,1
PBC095,1
PBC096,1
PBC097,1
PBC098,1
PBC099,1
PBC100,1